<?xml version="1.0" encoding="UTF-8"?>
<GenRun Id="synth_1" LaunchPart="xc7s25csga225-1" LaunchTime="1669635162" LaunchIncrCheckpoint="$PSRCDIR/utils_1/imports/synth_1/nor_pair.dcp">
  <File Type="PA-TCL" Name="top_module.tcl"/>
  <File Type="REPORTS-TCL" Name="top_module_reports.tcl"/>
  <File Type="RDS-RDS" Name="top_module.vds"/>
  <File Type="RDS-UTIL" Name="top_module_utilization_synth.rpt"/>
  <File Type="RDS-UTIL-PB" Name="top_module_utilization_synth.pb"/>
  <File Type="RDS-DCP" Name="top_module.dcp"/>
  <FileSet Name="sources" Type="DesignSrcs" RelSrcDir="$PSRCDIR/sources_1" RelGenDir="$PGENDIR/sources_1">
    <Filter Type="Srcs"/>
    <File Path="$PSRCDIR/sources_1/new/delay_chain.sv">
      <FileInfo>
        <Attr Name="ImportPath" Val="D:/vivado_pj/masterDesign/masterDesign.srcs/sources_1/new/delay_chain.sv"/>
        <Attr Name="ImportTime" Val="1669678480"/>
        <Attr Name="UsedIn" Val="synthesis"/>
        <Attr Name="UsedIn" Val="implementation"/>
        <Attr Name="UsedIn" Val="simulation"/>
      </FileInfo>
    </File>
    <File Path="$PSRCDIR/sources_1/new/inv.sv">
      <FileInfo>
        <Attr Name="ImportPath" Val="D:/vivado_pj/masterDesign/masterDesign.srcs/sources_1/new/inv.sv"/>
        <Attr Name="ImportTime" Val="1669678897"/>
        <Attr Name="UsedIn" Val="synthesis"/>
        <Attr Name="UsedIn" Val="implementation"/>
        <Attr Name="UsedIn" Val="simulation"/>
      </FileInfo>
    </File>
    <File Path="$PSRCDIR/sources_1/new/nor_chain.sv">
      <FileInfo>
        <Attr Name="ImportPath" Val="D:/vivado_pj/masterDesign/masterDesign.srcs/sources_1/new/nor_chain.sv"/>
        <Attr Name="ImportTime" Val="1669678896"/>
        <Attr Name="UsedIn" Val="synthesis"/>
        <Attr Name="UsedIn" Val="implementation"/>
        <Attr Name="UsedIn" Val="simulation"/>
      </FileInfo>
    </File>
    <File Path="$PSRCDIR/sources_1/new/top_module.sv">
      <FileInfo>
        <Attr Name="ImportPath" Val="D:/vivado_pj/masterDesign/masterDesign.srcs/sources_1/new/top_module.sv"/>
        <Attr Name="ImportTime" Val="1669817629"/>
        <Attr Name="UsedIn" Val="synthesis"/>
        <Attr Name="UsedIn" Val="implementation"/>
        <Attr Name="UsedIn" Val="simulation"/>
      </FileInfo>
    </File>
    <File Path="$PSRCDIR/sources_1/new/dff.sv">
      <FileInfo>
        <Attr Name="AutoDisabled" Val="1"/>
        <Attr Name="ImportPath" Val="D:/vivado_pj/masterDesign/masterDesign.srcs/sources_1/new/dff.sv"/>
        <Attr Name="ImportTime" Val="1669241273"/>
        <Attr Name="UsedIn" Val="synthesis"/>
        <Attr Name="UsedIn" Val="implementation"/>
        <Attr Name="UsedIn" Val="simulation"/>
      </FileInfo>
    </File>
    <File Path="$PSRCDIR/sources_1/new/xor.sv">
      <FileInfo>
        <Attr Name="AutoDisabled" Val="1"/>
        <Attr Name="ImportPath" Val="D:/vivado_pj/masterDesign/masterDesign.srcs/sources_1/new/xor.sv"/>
        <Attr Name="ImportTime" Val="1669291495"/>
        <Attr Name="UsedIn" Val="synthesis"/>
        <Attr Name="UsedIn" Val="implementation"/>
        <Attr Name="UsedIn" Val="simulation"/>
      </FileInfo>
    </File>
    <Config>
      <Option Name="DesignMode" Val="RTL"/>
      <Option Name="TopModule" Val="top_module"/>
      <Option Name="TopAutoSet" Val="TRUE"/>
    </Config>
  </FileSet>
  <FileSet Name="constrs_in" Type="Constrs" RelSrcDir="$PSRCDIR/constrs_1">
    <Filter Type="Constrs"/>
    <Config>
      <Option Name="ConstrsType" Val="XDC"/>
    </Config>
  </FileSet>
  <FileSet Name="utils" Type="Utils" RelSrcDir="$PSRCDIR/utils_1">
    <Filter Type="Utils"/>
    <File Path="$PSRCDIR/utils_1/imports/synth_1/nor_pair.dcp">
      <FileInfo>
        <Attr Name="ImportPath" Val="D:/vivado_pj/masterDesign/masterDesign.srcs/utils_1/imports/synth_1/nor_pair.dcp"/>
        <Attr Name="ImportTime" Val="1669635162"/>
        <Attr Name="UsedIn" Val="synthesis"/>
        <Attr Name="UsedIn" Val="implementation"/>
        <Attr Name="UsedInSteps" Val="synth_1"/>
        <Attr Name="AutoDcp" Val="1"/>
      </FileInfo>
    </File>
    <Config>
      <Option Name="TopAutoSet" Val="TRUE"/>
    </Config>
  </FileSet>
  <Strategy Version="1" Minor="2">
    <StratHandle Name="Vivado Synthesis Defaults" Flow="Vivado Synthesis 2022"/>
    <Step Id="synth_design"/>
  </Strategy>
</GenRun>
